{
	"language": "FRENCH",
	"login": {
		"title": "Se connecter sur IFCM",
		"email": "Email",
		"password": "Mot de passe",
		"login": "SE CONNECTER",
		"passwordrequired": "Mot de passe requis",
		"forgot": "Mot de passe oublié ?",
		"noaccount": "Crée un compte ?",
		"signup": " S' inscrire"
	},
	"forgotten": {
		"title": "Mot de passe oublié",
		"email": "Email",
		"reset": "Envoyer un email de réinitialisation",
		"noaccount": "Crée un compte ?",
		"signup": " S' inscrire"
	},
	"signup": {
		"title": "Crée un compte",
		"firstname": "Prénom",
		"lastname": "Nom",
		"firstnamerequired": "Votre Prénom  est requis",
		"lastnamerequired": "Votre Nom  est requis",
		"email": "Email",
		"password": "Mot de passe",
		"passwordrequired": "Mot de passe requis",
		"confirmpassword": "Mot de passe de confirmation",
		"confirmpasswordrequired": "Mot de passe de confirmation requis",
		"create": "CRÉER",
		"account": "Vous avez déja un compte ?",
		"login": " Se connecter"
	},
	"home": {
		"morning": "Bonjour",
		"afternoon": "Bonne après-midi",
		"evening": "Bonsoir",
		"verse": "Verset du jour",
		"events": "Events à venir",
		"prophetic": "Prophetique Message"
	},
	"eventdetails": {
		"title": "Évènements à venir",
		"location": "Lieu :"
	},
	"shopping": {
		"title": "Magasin",
		"all": "Tous les "
	},
	"shoppingcart": {
		"title": "Panier",
		"emptycart": "Votre panier est vide",
		"total": "Total",
		"pay": "Payer"
	},
	"shoppingdetails": {
		"noitem": "Aucun article sélectionné",
		"title": "Boutique de livre",
		"buy": "Payer maintenant"
	},
	"teaching": {
		"title": "Trouver un enseignement",
		"topic": "Choisissez le theme que vous voulez explorez",
		"categories": "Catégories"
	},
	"teachinglist": {
		"notfound": "Enseignement introuvable",
		"title": "Lessons",
		"text": "Tous les textes"
	},
	"teachingorder": {
		"noitem": "Il n'y a pas d'enseignement à acheter",
		"shop": "Acheter maintenant pour ",
		"purchase": "Payer"
	},
	"teachingdetail": {
		"noitem": "Il n'y a pas d'enseignement à visualiser"
	},
	"donation": {
		"title": "Don",
		"support": "Soutien pour actes caritatifs des ministères du Christ",
		"howmuch": "Combien voulez-vous donnez ?",
		"cause": "Choisissez votre cause",
		"tithe": "Tithe",
		"offer": "Offre",
		"itvn": "ITVN",
		"fund": "Fonds de construction",
		"hl": "HL",
		"charity": "Actes caritatifs des ministères du Christ ",
		"location": "Localisation",
		"don": "Faire un don"
	},
	"profile": {
		"title": "Votre compte",
		"subtitle": "Information du profil et paramètre ",
		"edit": "Editez vos informations",
		"order": "Commandes",
		"help": "Aide",
		"branch": "Branches",
		"notification": "Notifications",
		"aboutus": "À propos de nous",
		"privacy": "Politique de confidentialité",
		"logout": "Déconnection"
	},
	"orderlist": {
		"title": "Mes Commandes",
		"order": "Commande",
		"noorder": "oups, quelque chose s'est mal passé. Balayez vers le bas pour actualiser la liste",
		"last": "Dernières commandes",
		"shippingstatus": "Statut d'envoi : ",
		"orderstatus": "Statut de la commande :"
	},
	"orderdetail": {
		"title": "Détails de la commande",
		"noorder": "Aucune commande à afficher",
		"place": "Placer le ",
		"order": "Ordre",
		"receipt": "Obtenir une facture",
		"pay": "Payé",
		"paymentmethod": "MODE DE PAIEMENT",
		"shippingadress": "ADRESSE DE LIVRAISON"
	},
	"help": {
		"title": " Besoin d'aide ?",
		"subtitle": "Envoyez votre message",
		"name": "Nom",
		"namerror": "Nom est requis",
		"email": "Email",
		"emailerror": "Email  est requis",
		"subject": "Sujet",
		"subjecterror": "Sujet  est requis",
		"message": "Votre Message",
		"messageerror": "Message  est requis",
		"send": "Envoyer"
	},
	"branches": {
		"subtitle": "IFCM Détails des succursales",
		"select": "Sélectionnez une succursale",
		"location": "Localisation",
		"adress": "Adresse physique",
		"contact": "Contact ",
		"socialmedia": "Médias Sociaux"
	},
	"aboutus": {
		"title": "À propos de nous",
		"who": "Qui nous sommes?",
		"whotext": "Impact for Christ Ministries est une révélation de l'Église du Seigneur Jésus-Christ, gouvernée par lui en tant que chef, selon l'énoncé des Saintes Écritures, l'action du Saint-Esprit et les ministères institués par Jésus lui-même. Nous sommes un ministère du Seigneur Jésus-Christ, où son nom est élevé et sa puissance illimitée démontrée - selon Jean 14:12,“Faire les œuvres de Jésus-Christ et des œuvres plus grandes que celles qu'il a faites pour ceux qui croient en lui.",
		"vision": "Vision",
		"visiontext": "Jean 14:12,  “Faire les oeuvres de Jésus-Christ” En vérité, je vous le dis, celui qui croit en moi, il fera aussi les oeuvres que je fais, et il en fera de plus grandes que celles-ci, parce que je vais à mon Père.",
		"mission": "Mission",
		"missiontext": "Glorifier Dieu, proclamer le Royaume de Dieu en prêchant l'Évangile du Seigneur Jésus-Christ par la puissance du Saint-Esprit. Pour répondre aux besoins de la personne totale. Développer, équiper et libérer les croyants dans le ministère. Étendre l'influence de l'Église au-delà de ses frontières et à l'étranger.",
		"stand": "Ce que nous défendons?",
		"stand1": "Prière",
		"stand2": "Intensité de la prière",
		"stand3": "Haute louange",
		"stand4": "Des relations solides établies selon Dieu",
		"stand5": "Développement et autonomisation d'un leadership fort",
		"stand6": "Guérison et Délivrance",
		"stand7": "Libération de l'onction Apostolique et Prophétique",
		"stand8": "Fraction du pain de la Sainte Communion",
		"stand9": "Don libéral apostolique"
	},
    "legal": {
      "title": "PRIVACY POLICY",
      "date": "Effective date: January 04, 2019",
      "ifcm1": "Impact for Christ Ministries (“us“, “we“, or “our“) operates the http://www.impactforchristsa.com website (the “Service“).",
      "ifcm2":"This page informs you of our policies regarding the collection, use, and disclosure of personal data when you use our Service and the choices you have associated with that data.",
      "ifcm3":"We use your data to provide and improve the Service. By using the Service, you agree to the collection and use of information in accordance with this policy. Unless otherwise defined in this Privacy Policy, terms used in this Privacy Policy have the same meanings as in our Terms and Conditions, accessible from http://www.impactforchristsa.com",
      "info":"Information Collection And Use",
      "infotext":"We collect several different types of information for various purposes to provide and improve our Service to you.",
      "typedata":"Types of Data Collected",
      "personaldata":"Personal Data",
      "textdata":"While using our Service, we may ask you to provide us with certain personally identifiable information that can be used to contact or identify you (“Personal Data“). Personally identifiable information may include, but is not limited to:",
      "email":"Email address",
      "first":"First name and last name",
      "phone":"Phone number",
      "adress":"Address, State, Province, ZIP/Postal code, City",
      "cookie":"Cookies and Usage Data",
      "usagedata":"Usage Data",
      "usagedatatext":"We may also collect information how the Service is accessed and used (“Usage Data“). This Usage Data may include information such as your computer's Internet Protocol address (e.g. IP address), browser type, browser version, the pages of our Service that you visit, the time and date of your visit, the time spent on those pages, unique device identifiers and other diagnostic data.",
      "tacking":"Tracking & Cookies Data",
      "trackingtext":"We use cookies and similar tracking technologies to track the activity on our Service and hold certain information.",
      "cookiestext":"Cookies are files with small amount of data which may include an anonymous unique identifier. Cookies are sent to your browser from a website and stored on your device. Tracking technologies also used are beacons, tags, and scripts to collect and track information and to improve and analyze our Service.",
      "cookiestext1":"You can instruct your browser to refuse all cookies or to indicate when a cookie is being sent. However, if you do not accept cookies, you may not be able to use some portions of our Service.",
      "exemplecookie":"Examples of Cookies we use : ",
      "session":"Session Cookies.",
      "session1":"We use Session Cookies to operate our Service.",
      "preference":"Preference Cookies",
      "preference1":"We use Preference Cookies to remember your preferences and various settings.",
      "security":"Security Cookies",
      "security1":"We use Security Cookies for security purposes.",
      "usedata":"Use of Data",
      "usedatasub":"Impact for Christ Ministries uses the collected data for various purposes:",
      "usedatatext1":"To provide and maintain the Service",
      "usedatatext2":"To notify you about changes to our Service",
      "usedatatext3":"To allow you to participate in interactive features of our Service when you choose to do so",
      "usedatatext4":"To provide customer care and support",
      "usedatatext5":"To provide analysis or valuable information so that we can improve the Service",
      "usedatatext6":"To monitor the usage of the Service",
      "usedatatext7":"To detect, prevent and address technical issues",
      "transferdata":"Transfer Of Data",
      "transferdatatext":"Your information, including Personal Data, may be transferred to — and maintained on — computers located outside of your state, province, country or other governmental jurisdiction where the data protection laws may differ than those from your jurisdiction.",
      "transferdatatext1":"If you are located outside South Africa and choose to provide information to us, please note that we transfer the data, including Personal Data, to South Africa and process it there.",
      "transferdatatext2":"Your consent to this Privacy Policy followed by your submission of such information represents your agreement to that transfer.",
      "transferdatatext3":"Impact for Christ Ministries will take all steps reasonably necessary to ensure that your data is treated securely and in accordance with this Privacy Policy and no transfer of your Personal Data will take place to an organization or a country unless there are adequate controls in place including the security of your data and other personal information.",
      "disclosure":"Disclosure Of Data",
      "legalrequir":"Legal Requirements",
      "ifcmlist":"Impact for Christ Ministries may disclose your Personal Data in the good faith belief that such action is necessary to: ",
      "ifcmlist1":"To comply with a legal obligation",
      "ifcmlist2":"To protect and defend the rights or property of Impact for Christ Ministries",
      "ifcmlist3":"To prevent or investigate possible wrongdoing in connection with the Service",
      "ifcmlist4":"To protect the personal safety of users of the Service or the public",
      "ifcmlist5":"To protect against legal liability",
      "securitydata":"Security Of Data",
      "securitydatatext":"The security of your data is important to us, but remember that no method of transmission over the Internet, or method of electronic storage is 100% secure. While we strive to use commercially acceptable means to protect your Personal Data, we cannot guarantee its absolute security.",
      "serviceprovider":"Service Providers",
      "serviceprovidertext":"We may employ third party companies and individuals to facilitate our Service (“Service Providers“), to provide the Service on our behalf, to perform Service-related services or to assist us in analyzing how our Service is used.",
      "serviceprovidertext2":"These third parties have access to your Personal Data only to perform these tasks on our behalf and are obligated not to disclose or use it for any other purpose.",
      "analytics":"Analytics",
      "analyticstext":"We may use third-party Service Providers to monitor and analyze the use of our Service.",
      "google":"Google Analytics",
      "googletext1":"Google Analytics is a web analytics service offered by Google that tracks and reports website traffic. Google uses the data collected to track and monitor the use of our Service. This data is shared with other Google services. Google may use the collected data to contextualize and personalize the ads of its own advertising network.",
      "googletext2":"You can opt-out of having made your activity on the Service available to Google Analytics by installing the Google Analytics opt-out browser add-on. The add-on prevents the Google",
      "googletext3":"Analytics JavaScript (ga.js, analytics.js, and dc.js) from sharing information with Google Analytics about visits activity.",
      "googletext4":"For more information on the privacy practices of Google, please visit the Google Privacy & Terms web page :",
      "othersite":"Links To Other Sites",
      "othersitetext1":"Our Service may contain links to other sites that are not operated by us. If you click on a third party link, you will be directed to that third party's site. We strongly advise you to review the Privacy Policy of every site you visit.",
      "othersitetext2":"We have no control over and assume no responsibility for the content, privacy policies or practices of any third party sites or services.",
      "childrenprivacy":"Children's Privacy",
      "childrenprivacytext1":"Our Service does not address anyone under the age of 18 (“Children“).",
      "childrenprivacytext2":"We do not knowingly collect personally identifiable information from anyone under the age of 18. If you are a parent or guardian and you are aware that your Children has provided us with Personal Data, please contact us. If we become aware that we have collected Personal Data from children without verification of parental consent, we take steps to remove that information from our servers.",
      "privacypolicy":"Changes To This Privacy Policy",
      "privacypolicytext1":"We may update our Privacy Policy from time to time. We will notify you of any changes by posting the new Privacy Policy on this page.",
      "privacypolicytext2":"We will let you know via email and/or a prominent notice on our Service, prior to the change becoming effective and update the “effective date“ at the top of this Privacy Policy.",
      "privacypolicytext3":"You are advised to review this Privacy Policy periodically for any changes. Changes to this Privacy Policy are effective when they are posted on this page.",
      "contact":"Contact Us",
      "contactext":"If you have any questions about this Privacy Policy, please contact us by mail :",
      "copyright":"Copyright",
      "copyrightext":"This app is brought to you by ElyoTech Pty Ltd.",
      "emailtext":"We would love to hear from you, so please do send us an email at:"
    },
    "orderpaymentshipping": {
      "title": "Mode de paiement"
    },
    "ordershippingdetails": {
      "title": "Option de livraison",
      "clickandcollect":"CLIQUEZ ET COLLECTEZ",
      "shop":"Librairie",
      "adress":"Portion 35 or the Farm Tweefontein 523JQ Kromdraai Road, 1739 Johannesburg, South Africa",
      "num": "Tel:(+27) 11 334-4197 / 4615",
      "free":"Gratuit",
      "order":"Ordre No",
      "current":"Courant",
      "delivery":"Livraison",
      "free1":"GRATUIT",
      "proceed":"Procéder au paiement"
    },
	"paymentdonationconfirmation": {
		"title": "Vérifier",
		"delivery":"Livraison",
		"confirmation":"Confirmation",
		"success":"Don réussi",
		"thanks":"Merci pour votre générosité",
		"don":"Donation",
		"next":"Liste de commandes"
	  },
	  "paymentshoppingconfirmation": {
		"title": "Vérifier",
		"subtitle":"Commande passée",
		"thanks":"Merci pour votre achat.",
		"order":"Ordre",
		"next":"Liste de commandes"
	  },
	  "paymentteachingconfirmation": {
		"title": "Vérifier",
		"delivery":"Livraison",
		"confirmation":"Confirmation",
		"unlock":"Enseignement déverrouillé",
		"thanks":"Merci pour votre achat.",
		"order":"Ordre",
		"next":"Liste de commandes"
	  }

}